"Type";"PolicyName";"PolicyId";"PolicyVersion";"PolicyScope";"PolicyScopeId";"ALZPolicyName";"ALZVersion";"ALZState";"InTenant";"DetectedBy";"AzAdvertizerUrl"
"Policy";"n/a";"n/a";"n/a";"n/a";"n/a";"Append-AppService-httpsonly";"1.0.0";"";"False";"ALZ GitHub repository";"https://www.azadvertizer.net/azpolicyadvertizer/Append-AppService-httpsonly.html"
"Policy";"n/a";"n/a";"n/a";"n/a";"n/a";"Append-AppService-latestTLS";"1.1.0";"";"False";"ALZ GitHub repository";"https://www.azadvertizer.net/azpolicyadvertizer/Append-AppService-latestTLS.html"
"Policy";"n/a";"n/a";"n/a";"n/a";"n/a";"Append-KV-SoftDelete";"1.0.0";"";"False";"ALZ GitHub repository";"https://www.azadvertizer.net/azpolicyadvertizer/Append-KV-SoftDelete.html"
"Policy";"n/a";"n/a";"n/a";"n/a";"n/a";"Append-Redis-disableNonSslPort";"1.0.1";"";"False";"ALZ GitHub repository";"https://www.azadvertizer.net/azpolicyadvertizer/Append-Redis-disableNonSslPort.html"
"Policy";"n/a";"n/a";"n/a";"n/a";"n/a";"Append-Redis-sslEnforcement";"1.0.0";"";"False";"ALZ GitHub repository";"https://www.azadvertizer.net/azpolicyadvertizer/Append-Redis-sslEnforcement.html"
"Policy";"n/a";"n/a";"n/a";"n/a";"n/a";"Audit-AzureHybridBenefit";"1.0.0";"";"False";"ALZ GitHub repository";"https://www.azadvertizer.net/azpolicyadvertizer/Audit-AzureHybridBenefit.html"
"Policy";"n/a";"n/a";"n/a";"n/a";"n/a";"Audit-Disks-UnusedResourcesCostOptimization";"1.0.0";"";"False";"ALZ GitHub repository";"https://www.azadvertizer.net/azpolicyadvertizer/Audit-Disks-UnusedResourcesCostOptimization.html"
"Policy";"n/a";"n/a";"n/a";"n/a";"n/a";"Audit-MachineLearning-PrivateEndpointId";"1.0.0";"";"False";"ALZ GitHub repository";"https://www.azadvertizer.net/azpolicyadvertizer/Audit-MachineLearning-PrivateEndpointId.html"
"Policy";"n/a";"n/a";"n/a";"n/a";"n/a";"Audit-PrivateLinkDnsZones";"1.0.2";"";"False";"ALZ GitHub repository";"https://www.azadvertizer.net/azpolicyadvertizer/Audit-PrivateLinkDnsZones.html"
"Policy";"n/a";"n/a";"n/a";"n/a";"n/a";"Audit-PublicIpAddresses-UnusedResourcesCostOptimization";"1.1.0";"";"False";"ALZ GitHub repository";"https://www.azadvertizer.net/azpolicyadvertizer/Audit-PublicIpAddresses-UnusedResourcesCostOptimization.html"
"Policy";"n/a";"n/a";"n/a";"n/a";"n/a";"Audit-ServerFarms-UnusedResourcesCostOptimization";"1.0.0";"";"False";"ALZ GitHub repository";"https://www.azadvertizer.net/azpolicyadvertizer/Audit-ServerFarms-UnusedResourcesCostOptimization.html"
"PolicySet";"n/a";"n/a";"n/a";"n/a";"n/a";"Audit-TrustedLaunch";"1.0.0";"";"False";"ALZ GitHub repository";"https://www.azadvertizer.net/azpolicyinitiativesadvertizer/Audit-TrustedLaunch.html"
"PolicySet";"n/a";"n/a";"n/a";"n/a";"n/a";"Audit-UnusedResourcesCostOptimization";"2.0.0";"";"False";"ALZ GitHub repository";"https://www.azadvertizer.net/azpolicyinitiativesadvertizer/Audit-UnusedResourcesCostOptimization.html"
"Policy";"n/a";"n/a";"n/a";"n/a";"n/a";"Deny-AA-child-resources";"1.0.0";"";"False";"ALZ GitHub repository";"https://www.azadvertizer.net/azpolicyadvertizer/Deny-AA-child-resources.html"
"Policy";"n/a";"n/a";"n/a";"n/a";"n/a";"Deny-APIM-TLS";"1.0.0";"";"False";"ALZ GitHub repository";"https://www.azadvertizer.net/azpolicyadvertizer/Deny-APIM-TLS.html"
"Policy";"n/a";"n/a";"n/a";"n/a";"n/a";"Deny-AppGw-Without-Tls";"1.0.0";"";"False";"ALZ GitHub repository";"https://www.azadvertizer.net/azpolicyadvertizer/Deny-AppGw-Without-Tls.html"
"Policy";"n/a";"n/a";"n/a";"n/a";"n/a";"Deny-AppGW-Without-WAF";"1.0.0";"";"False";"ALZ GitHub repository";"https://www.azadvertizer.net/azpolicyadvertizer/Deny-AppGW-Without-WAF.html"
"Policy";"n/a";"n/a";"n/a";"n/a";"n/a";"Deny-AppService-without-BYOC";"1.0.0";"";"False";"ALZ GitHub repository";"https://www.azadvertizer.net/azpolicyadvertizer/Deny-AppService-without-BYOC.html"
"Policy";"n/a";"n/a";"n/a";"n/a";"n/a";"Deny-AppServiceApiApp-http";"1.0.0";"";"False";"ALZ GitHub repository";"https://www.azadvertizer.net/azpolicyadvertizer/Deny-AppServiceApiApp-http.html"
"Policy";"n/a";"n/a";"n/a";"n/a";"n/a";"Deny-AppServiceFunctionApp-http";"1.0.0";"";"False";"ALZ GitHub repository";"https://www.azadvertizer.net/azpolicyadvertizer/Deny-AppServiceFunctionApp-http.html"
"Policy";"n/a";"n/a";"n/a";"n/a";"n/a";"Deny-AppServiceWebApp-http";"1.0.0";"";"False";"ALZ GitHub repository";"https://www.azadvertizer.net/azpolicyadvertizer/Deny-AppServiceWebApp-http.html"
"Policy";"n/a";"n/a";"n/a";"n/a";"n/a";"Deny-AzFw-Without-Policy";"1.0.0";"";"False";"ALZ GitHub repository";"https://www.azadvertizer.net/azpolicyadvertizer/Deny-AzFw-Without-Policy.html"
"Policy";"n/a";"n/a";"n/a";"n/a";"n/a";"Deny-CognitiveServices-NetworkAcls";"1.0.0";"";"False";"ALZ GitHub repository";"https://www.azadvertizer.net/azpolicyadvertizer/Deny-CognitiveServices-NetworkAcls.html"
"Policy";"n/a";"n/a";"n/a";"n/a";"n/a";"Deny-CognitiveServices-Resource-Kinds";"1.0.0";"";"False";"ALZ GitHub repository";"https://www.azadvertizer.net/azpolicyadvertizer/Deny-CognitiveServices-Resource-Kinds.html"
"Policy";"n/a";"n/a";"n/a";"n/a";"n/a";"Deny-CognitiveServices-RestrictOutboundNetworkAccess";"1.0.0";"";"False";"ALZ GitHub repository";"https://www.azadvertizer.net/azpolicyadvertizer/Deny-CognitiveServices-RestrictOutboundNetworkAccess.html"
"Policy";"n/a";"n/a";"n/a";"n/a";"n/a";"Deny-Databricks-NoPublicIp";"1.0.0";"";"False";"ALZ GitHub repository";"https://www.azadvertizer.net/azpolicyadvertizer/Deny-Databricks-NoPublicIp.html"
"Policy";"n/a";"n/a";"n/a";"n/a";"n/a";"Deny-Databricks-Sku";"1.0.0";"";"False";"ALZ GitHub repository";"https://www.azadvertizer.net/azpolicyadvertizer/Deny-Databricks-Sku.html"
"Policy";"n/a";"n/a";"n/a";"n/a";"n/a";"Deny-Databricks-VirtualNetwork";"1.0.0";"";"False";"ALZ GitHub repository";"https://www.azadvertizer.net/azpolicyadvertizer/Deny-Databricks-VirtualNetwork.html"
"Policy";"n/a";"n/a";"n/a";"n/a";"n/a";"Deny-EH-minTLS";"1.0.0";"";"False";"ALZ GitHub repository";"https://www.azadvertizer.net/azpolicyadvertizer/Deny-EH-minTLS.html"
"Policy";"n/a";"n/a";"n/a";"n/a";"n/a";"Deny-EH-Premium-CMK";"1.0.0";"";"False";"ALZ GitHub repository";"https://www.azadvertizer.net/azpolicyadvertizer/Deny-EH-Premium-CMK.html"
"Policy";"n/a";"n/a";"n/a";"n/a";"n/a";"Deny-FileServices-InsecureAuth";"1.0.0";"";"False";"ALZ GitHub repository";"https://www.azadvertizer.net/azpolicyadvertizer/Deny-FileServices-InsecureAuth.html"
"Policy";"n/a";"n/a";"n/a";"n/a";"n/a";"Deny-FileServices-InsecureKerberos";"1.0.0";"";"False";"ALZ GitHub repository";"https://www.azadvertizer.net/azpolicyadvertizer/Deny-FileServices-InsecureKerberos.html"
"Policy";"n/a";"n/a";"n/a";"n/a";"n/a";"Deny-FileServices-InsecureSmbChannel";"1.0.0";"";"False";"ALZ GitHub repository";"https://www.azadvertizer.net/azpolicyadvertizer/Deny-FileServices-InsecureSmbChannel.html"
"Policy";"n/a";"n/a";"n/a";"n/a";"n/a";"Deny-FileServices-InsecureSmbVersions";"1.0.0";"";"False";"ALZ GitHub repository";"https://www.azadvertizer.net/azpolicyadvertizer/Deny-FileServices-InsecureSmbVersions.html"
"Policy";"n/a";"n/a";"n/a";"n/a";"n/a";"Deny-LogicApp-Public-Network";"1.0.0";"";"False";"ALZ GitHub repository";"https://www.azadvertizer.net/azpolicyadvertizer/Deny-LogicApp-Public-Network.html"
"Policy";"n/a";"n/a";"n/a";"n/a";"n/a";"Deny-LogicApps-Without-Https";"1.0.0";"";"False";"ALZ GitHub repository";"https://www.azadvertizer.net/azpolicyadvertizer/Deny-LogicApps-Without-Https.html"
"Policy";"n/a";"n/a";"n/a";"n/a";"n/a";"Deny-MachineLearning-Aks";"1.0.0";"";"False";"ALZ GitHub repository";"https://www.azadvertizer.net/azpolicyadvertizer/Deny-MachineLearning-Aks.html"
"Policy";"n/a";"n/a";"n/a";"n/a";"n/a";"Deny-MachineLearning-Compute-SubnetId";"1.0.0";"";"False";"ALZ GitHub repository";"https://www.azadvertizer.net/azpolicyadvertizer/Deny-MachineLearning-Compute-SubnetId.html"
"Policy";"n/a";"n/a";"n/a";"n/a";"n/a";"Deny-MachineLearning-Compute-VmSize";"1.0.0";"";"False";"ALZ GitHub repository";"https://www.azadvertizer.net/azpolicyadvertizer/Deny-MachineLearning-Compute-VmSize.html"
"Policy";"n/a";"n/a";"n/a";"n/a";"n/a";"Deny-MachineLearning-ComputeCluster-RemoteLoginPortPublicAccess";"1.1.0";"";"False";"ALZ GitHub repository";"https://www.azadvertizer.net/azpolicyadvertizer/Deny-MachineLearning-ComputeCluster-RemoteLoginPortPublicAccess.html"
"Policy";"n/a";"n/a";"n/a";"n/a";"n/a";"Deny-MachineLearning-ComputeCluster-Scale";"1.0.0";"";"False";"ALZ GitHub repository";"https://www.azadvertizer.net/azpolicyadvertizer/Deny-MachineLearning-ComputeCluster-Scale.html"
"Policy";"n/a";"n/a";"n/a";"n/a";"n/a";"Deny-MachineLearning-HbiWorkspace";"1.0.0";"";"False";"ALZ GitHub repository";"https://www.azadvertizer.net/azpolicyadvertizer/Deny-MachineLearning-HbiWorkspace.html"
"Policy";"n/a";"n/a";"n/a";"n/a";"n/a";"Deny-MachineLearning-PublicAccessWhenBehindVnet";"1.0.1";"";"False";"ALZ GitHub repository";"https://www.azadvertizer.net/azpolicyadvertizer/Deny-MachineLearning-PublicAccessWhenBehindVnet.html"
"Policy";"n/a";"n/a";"n/a";"n/a";"n/a";"Deny-MachineLearning-PublicNetworkAccess";"1.0.0-deprecated";"";"False";"ALZ GitHub repository";"https://www.azadvertizer.net/azpolicyadvertizer/Deny-MachineLearning-PublicNetworkAccess.html"
"Policy";"n/a";"n/a";"n/a";"n/a";"n/a";"Deny-MgmtPorts-From-Internet";"2.1.1";"";"False";"ALZ GitHub repository";"https://www.azadvertizer.net/azpolicyadvertizer/Deny-MgmtPorts-From-Internet.html"
"Policy";"n/a";"n/a";"n/a";"n/a";"n/a";"Deny-MySql-http";"1.0.0";"";"False";"ALZ GitHub repository";"https://www.azadvertizer.net/azpolicyadvertizer/Deny-MySql-http.html"
"Policy";"n/a";"n/a";"n/a";"n/a";"n/a";"Deny-PostgreSql-http";"1.0.1";"";"False";"ALZ GitHub repository";"https://www.azadvertizer.net/azpolicyadvertizer/Deny-PostgreSql-http.html"
"Policy";"n/a";"n/a";"n/a";"n/a";"n/a";"Deny-Private-DNS-Zones";"1.0.0";"";"False";"ALZ GitHub repository";"https://www.azadvertizer.net/azpolicyadvertizer/Deny-Private-DNS-Zones.html"
"Policy";"n/a";"n/a";"n/a";"n/a";"n/a";"Deny-PublicEndpoint-MariaDB";"1.0.0-deprecated";"";"False";"ALZ GitHub repository";"https://www.azadvertizer.net/azpolicyadvertizer/Deny-PublicEndpoint-MariaDB.html"
"Policy";"n/a";"n/a";"n/a";"n/a";"n/a";"Deny-PublicIP";"1.0.0-deprecated";"";"False";"ALZ GitHub repository";"https://www.azadvertizer.net/azpolicyadvertizer/Deny-PublicIP.html"
"PolicySet";"n/a";"n/a";"n/a";"n/a";"n/a";"Deny-PublicPaaSEndpoints";"5.1.0";"";"False";"ALZ GitHub repository";"https://www.azadvertizer.net/azpolicyinitiativesadvertizer/Deny-PublicPaaSEndpoints.html"
"Policy";"n/a";"n/a";"n/a";"n/a";"n/a";"Deny-RDP-From-Internet";"1.0.1-deprecated";"";"False";"ALZ GitHub repository";"https://www.azadvertizer.net/azpolicyadvertizer/Deny-RDP-From-Internet.html"
"Policy";"n/a";"n/a";"n/a";"n/a";"n/a";"Deny-Redis-http";"1.0.0";"";"False";"ALZ GitHub repository";"https://www.azadvertizer.net/azpolicyadvertizer/Deny-Redis-http.html"
"Policy";"n/a";"n/a";"n/a";"n/a";"n/a";"Deny-Service-Endpoints";"1.0.0";"";"False";"ALZ GitHub repository";"https://www.azadvertizer.net/azpolicyadvertizer/Deny-Service-Endpoints.html"
"Policy";"n/a";"n/a";"n/a";"n/a";"n/a";"Deny-Sql-minTLS";"1.0.0";"";"False";"ALZ GitHub repository";"https://www.azadvertizer.net/azpolicyadvertizer/Deny-Sql-minTLS.html"
"Policy";"n/a";"n/a";"n/a";"n/a";"n/a";"Deny-SqlMi-minTLS";"1.0.0";"";"False";"ALZ GitHub repository";"https://www.azadvertizer.net/azpolicyadvertizer/Deny-SqlMi-minTLS.html"
"Policy";"n/a";"n/a";"n/a";"n/a";"n/a";"Deny-Storage-ContainerDeleteRetentionPolicy";"1.0.0";"";"False";"ALZ GitHub repository";"https://www.azadvertizer.net/azpolicyadvertizer/Deny-Storage-ContainerDeleteRetentionPolicy.html"
"Policy";"n/a";"n/a";"n/a";"n/a";"n/a";"Deny-Storage-CopyScope";"1.0.0";"";"False";"ALZ GitHub repository";"https://www.azadvertizer.net/azpolicyadvertizer/Deny-Storage-CopyScope.html"
"Policy";"n/a";"n/a";"n/a";"n/a";"n/a";"Deny-Storage-CorsRules";"1.0.0";"";"False";"ALZ GitHub repository";"https://www.azadvertizer.net/azpolicyadvertizer/Deny-Storage-CorsRules.html"
"Policy";"n/a";"n/a";"n/a";"n/a";"n/a";"Deny-Storage-LocalUser";"1.0.0";"";"False";"ALZ GitHub repository";"https://www.azadvertizer.net/azpolicyadvertizer/Deny-Storage-LocalUser.html"
"Policy";"n/a";"n/a";"n/a";"n/a";"n/a";"Deny-Storage-minTLS";"1.0.0-deprecated";"";"False";"ALZ GitHub repository";"https://www.azadvertizer.net/azpolicyadvertizer/Deny-Storage-minTLS.html"
"Policy";"n/a";"n/a";"n/a";"n/a";"n/a";"Deny-Storage-NetworkAclsBypass";"1.0.0";"";"False";"ALZ GitHub repository";"https://www.azadvertizer.net/azpolicyadvertizer/Deny-Storage-NetworkAclsBypass.html"
"Policy";"n/a";"n/a";"n/a";"n/a";"n/a";"Deny-Storage-NetworkAclsVirtualNetworkRules";"1.0.0";"";"False";"ALZ GitHub repository";"https://www.azadvertizer.net/azpolicyadvertizer/Deny-Storage-NetworkAclsVirtualNetworkRules.html"
"Policy";"n/a";"n/a";"n/a";"n/a";"n/a";"Deny-Storage-ResourceAccessRulesResourceId";"1.0.0";"";"False";"ALZ GitHub repository";"https://www.azadvertizer.net/azpolicyadvertizer/Deny-Storage-ResourceAccessRulesResourceId.html"
"Policy";"n/a";"n/a";"n/a";"n/a";"n/a";"Deny-Storage-ResourceAccessRulesTenantId";"1.0.0";"";"False";"ALZ GitHub repository";"https://www.azadvertizer.net/azpolicyadvertizer/Deny-Storage-ResourceAccessRulesTenantId.html"
"Policy";"n/a";"n/a";"n/a";"n/a";"n/a";"Deny-Storage-ServicesEncryption";"1.0.0";"";"False";"ALZ GitHub repository";"https://www.azadvertizer.net/azpolicyadvertizer/Deny-Storage-ServicesEncryption.html"
"Policy";"n/a";"n/a";"n/a";"n/a";"n/a";"Deny-Storage-SFTP";"1.0.0";"";"False";"ALZ GitHub repository";"https://www.azadvertizer.net/azpolicyadvertizer/Deny-Storage-SFTP.html"
"Policy";"n/a";"n/a";"n/a";"n/a";"n/a";"Deny-StorageAccount-CustomDomain";"1.0.0";"";"False";"ALZ GitHub repository";"https://www.azadvertizer.net/azpolicyadvertizer/Deny-StorageAccount-CustomDomain.html"
"Policy";"n/a";"n/a";"n/a";"n/a";"n/a";"Deny-Subnet-Without-Nsg";"2.0.0";"";"False";"ALZ GitHub repository";"https://www.azadvertizer.net/azpolicyadvertizer/Deny-Subnet-Without-Nsg.html"
"Policy";"n/a";"n/a";"n/a";"n/a";"n/a";"Deny-Subnet-Without-Penp";"1.0.0";"";"False";"ALZ GitHub repository";"https://www.azadvertizer.net/azpolicyadvertizer/Deny-Subnet-Without-Penp.html"
"Policy";"n/a";"n/a";"n/a";"n/a";"n/a";"Deny-Subnet-Without-UDR";"2.0.0";"";"False";"ALZ GitHub repository";"https://www.azadvertizer.net/azpolicyadvertizer/Deny-Subnet-Without-UDR.html"
"Policy";"n/a";"n/a";"n/a";"n/a";"n/a";"Deny-UDR-With-Specific-NextHop";"1.0.0";"";"False";"ALZ GitHub repository";"https://www.azadvertizer.net/azpolicyadvertizer/Deny-UDR-With-Specific-NextHop.html"
"Policy";"n/a";"n/a";"n/a";"n/a";"n/a";"Deny-VNET-Peer-Cross-Sub";"1.0.1";"";"False";"ALZ GitHub repository";"https://www.azadvertizer.net/azpolicyadvertizer/Deny-VNET-Peer-Cross-Sub.html"
"Policy";"n/a";"n/a";"n/a";"n/a";"n/a";"Deny-VNet-Peering";"1.0.1";"";"False";"ALZ GitHub repository";"https://www.azadvertizer.net/azpolicyadvertizer/Deny-VNet-Peering.html"
"Policy";"n/a";"n/a";"n/a";"n/a";"n/a";"Deny-VNET-Peering-To-Non-Approved-VNETs";"1.0.0";"";"False";"ALZ GitHub repository";"https://www.azadvertizer.net/azpolicyadvertizer/Deny-VNET-Peering-To-Non-Approved-VNETs.html"
"Policy";"n/a";"n/a";"n/a";"n/a";"n/a";"DenyAction-ActivityLogs";"1.0.0";"";"False";"ALZ GitHub repository";"https://www.azadvertizer.net/azpolicyadvertizer/DenyAction-ActivityLogs.html"
"PolicySet";"n/a";"n/a";"n/a";"n/a";"n/a";"DenyAction-DeleteProtection";"1.0.0";"";"False";"ALZ GitHub repository";"https://www.azadvertizer.net/azpolicyinitiativesadvertizer/DenyAction-DeleteProtection.html"
"Policy";"n/a";"n/a";"n/a";"n/a";"n/a";"DenyAction-DeleteResources";"1.0.0";"";"False";"ALZ GitHub repository";"https://www.azadvertizer.net/azpolicyadvertizer/DenyAction-DeleteResources.html"
"Policy";"n/a";"n/a";"n/a";"n/a";"n/a";"DenyAction-DiagnosticLogs";"1.0.0";"";"False";"ALZ GitHub repository";"https://www.azadvertizer.net/azpolicyadvertizer/DenyAction-DiagnosticLogs.html"
"Policy";"n/a";"n/a";"n/a";"n/a";"n/a";"Deploy-ASC-SecurityContacts";"2.0.0";"";"False";"ALZ GitHub repository";"https://www.azadvertizer.net/azpolicyadvertizer/Deploy-ASC-SecurityContacts.html"
"PolicySet";"n/a";"n/a";"n/a";"n/a";"n/a";"Deploy-AUM-CheckUpdates";"1.0.0";"";"False";"ALZ GitHub repository";"https://www.azadvertizer.net/azpolicyinitiativesadvertizer/Deploy-AUM-CheckUpdates.html"
"Policy";"n/a";"n/a";"n/a";"n/a";"n/a";"Deploy-Budget";"1.1.0";"";"False";"ALZ GitHub repository";"https://www.azadvertizer.net/azpolicyadvertizer/Deploy-Budget.html"
"Policy";"n/a";"n/a";"n/a";"n/a";"n/a";"Deploy-Custom-Route-Table";"1.0.0";"";"False";"ALZ GitHub repository";"https://www.azadvertizer.net/azpolicyadvertizer/Deploy-Custom-Route-Table.html"
"Policy";"n/a";"n/a";"n/a";"n/a";"n/a";"Deploy-DDoSProtection";"1.0.1";"";"False";"ALZ GitHub repository";"https://www.azadvertizer.net/azpolicyadvertizer/Deploy-DDoSProtection.html"
"Policy";"n/a";"n/a";"n/a";"n/a";"n/a";"Deploy-Diagnostics-AA";"1.1.0-deprecated";"";"False";"ALZ GitHub repository";"https://www.azadvertizer.net/azpolicyadvertizer/Deploy-Diagnostics-AA.html"
"Policy";"n/a";"n/a";"n/a";"n/a";"n/a";"Deploy-Diagnostics-ACI";"1.1.0-deprecated";"";"False";"ALZ GitHub repository";"https://www.azadvertizer.net/azpolicyadvertizer/Deploy-Diagnostics-ACI.html"
"Policy";"n/a";"n/a";"n/a";"n/a";"n/a";"Deploy-Diagnostics-ACR";"1.1.0-deprecated";"";"False";"ALZ GitHub repository";"https://www.azadvertizer.net/azpolicyadvertizer/Deploy-Diagnostics-ACR.html"
"Policy";"n/a";"n/a";"n/a";"n/a";"n/a";"Deploy-Diagnostics-AnalysisService";"1.1.0-deprecated";"";"False";"ALZ GitHub repository";"https://www.azadvertizer.net/azpolicyadvertizer/Deploy-Diagnostics-AnalysisService.html"
"Policy";"n/a";"n/a";"n/a";"n/a";"n/a";"Deploy-Diagnostics-ApiForFHIR";"1.1.0-deprecated";"";"False";"ALZ GitHub repository";"https://www.azadvertizer.net/azpolicyadvertizer/Deploy-Diagnostics-ApiForFHIR.html"
"Policy";"n/a";"n/a";"n/a";"n/a";"n/a";"Deploy-Diagnostics-APIMgmt";"1.2.0-deprecated";"";"False";"ALZ GitHub repository";"https://www.azadvertizer.net/azpolicyadvertizer/Deploy-Diagnostics-APIMgmt.html"
"Policy";"n/a";"n/a";"n/a";"n/a";"n/a";"Deploy-Diagnostics-ApplicationGateway";"1.1.0-deprecated";"";"False";"ALZ GitHub repository";"https://www.azadvertizer.net/azpolicyadvertizer/Deploy-Diagnostics-ApplicationGateway.html"
"Policy";"n/a";"n/a";"n/a";"n/a";"n/a";"Deploy-Diagnostics-AVDScalingPlans";"1.1.0-deprecated";"";"False";"ALZ GitHub repository";"https://www.azadvertizer.net/azpolicyadvertizer/Deploy-Diagnostics-AVDScalingPlans.html"
"Policy";"n/a";"n/a";"n/a";"n/a";"n/a";"Deploy-Diagnostics-Bastion";"1.1.0-deprecated";"";"False";"ALZ GitHub repository";"https://www.azadvertizer.net/azpolicyadvertizer/Deploy-Diagnostics-Bastion.html"
"Policy";"n/a";"n/a";"n/a";"n/a";"n/a";"Deploy-Diagnostics-CDNEndpoints";"1.1.0-deprecated";"";"False";"ALZ GitHub repository";"https://www.azadvertizer.net/azpolicyadvertizer/Deploy-Diagnostics-CDNEndpoints.html"
"Policy";"n/a";"n/a";"n/a";"n/a";"n/a";"Deploy-Diagnostics-CognitiveServices";"1.1.0-deprecated";"";"False";"ALZ GitHub repository";"https://www.azadvertizer.net/azpolicyadvertizer/Deploy-Diagnostics-CognitiveServices.html"
"Policy";"n/a";"n/a";"n/a";"n/a";"n/a";"Deploy-Diagnostics-CosmosDB";"1.2.0-deprecated";"";"False";"ALZ GitHub repository";"https://www.azadvertizer.net/azpolicyadvertizer/Deploy-Diagnostics-CosmosDB.html"
"Policy";"n/a";"n/a";"n/a";"n/a";"n/a";"Deploy-Diagnostics-Databricks";"1.3.0-deprecated";"";"False";"ALZ GitHub repository";"https://www.azadvertizer.net/azpolicyadvertizer/Deploy-Diagnostics-Databricks.html"
"Policy";"n/a";"n/a";"n/a";"n/a";"n/a";"Deploy-Diagnostics-DataExplorerCluster";"1.1.0-deprecated";"";"False";"ALZ GitHub repository";"https://www.azadvertizer.net/azpolicyadvertizer/Deploy-Diagnostics-DataExplorerCluster.html"
"Policy";"n/a";"n/a";"n/a";"n/a";"n/a";"Deploy-Diagnostics-DataFactory";"1.2.0-deprecated";"";"False";"ALZ GitHub repository";"https://www.azadvertizer.net/azpolicyadvertizer/Deploy-Diagnostics-DataFactory.html"
"Policy";"n/a";"n/a";"n/a";"n/a";"n/a";"Deploy-Diagnostics-DLAnalytics";"1.1.0-deprecated";"";"False";"ALZ GitHub repository";"https://www.azadvertizer.net/azpolicyadvertizer/Deploy-Diagnostics-DLAnalytics.html"
"Policy";"n/a";"n/a";"n/a";"n/a";"n/a";"Deploy-Diagnostics-EventGridSub";"1.1.0-deprecated";"";"False";"ALZ GitHub repository";"https://www.azadvertizer.net/azpolicyadvertizer/Deploy-Diagnostics-EventGridSub.html"
"Policy";"n/a";"n/a";"n/a";"n/a";"n/a";"Deploy-Diagnostics-EventGridSystemTopic";"1.1.0-deprecated";"";"False";"ALZ GitHub repository";"https://www.azadvertizer.net/azpolicyadvertizer/Deploy-Diagnostics-EventGridSystemTopic.html"
"Policy";"n/a";"n/a";"n/a";"n/a";"n/a";"Deploy-Diagnostics-EventGridTopic";"1.2.0-deprecated";"";"False";"ALZ GitHub repository";"https://www.azadvertizer.net/azpolicyadvertizer/Deploy-Diagnostics-EventGridTopic.html"
"Policy";"n/a";"n/a";"n/a";"n/a";"n/a";"Deploy-Diagnostics-ExpressRoute";"1.1.0-deprecated";"";"False";"ALZ GitHub repository";"https://www.azadvertizer.net/azpolicyadvertizer/Deploy-Diagnostics-ExpressRoute.html"
"Policy";"n/a";"n/a";"n/a";"n/a";"n/a";"Deploy-Diagnostics-Firewall";"1.2.0-deprecated";"";"False";"ALZ GitHub repository";"https://www.azadvertizer.net/azpolicyadvertizer/Deploy-Diagnostics-Firewall.html"
"Policy";"n/a";"n/a";"n/a";"n/a";"n/a";"Deploy-Diagnostics-FrontDoor";"1.1.0-deprecated";"";"False";"ALZ GitHub repository";"https://www.azadvertizer.net/azpolicyadvertizer/Deploy-Diagnostics-FrontDoor.html"
"Policy";"n/a";"n/a";"n/a";"n/a";"n/a";"Deploy-Diagnostics-Function";"1.1.0-deprecated";"";"False";"ALZ GitHub repository";"https://www.azadvertizer.net/azpolicyadvertizer/Deploy-Diagnostics-Function.html"
"Policy";"n/a";"n/a";"n/a";"n/a";"n/a";"Deploy-Diagnostics-HDInsight";"1.1.0-deprecated";"";"False";"ALZ GitHub repository";"https://www.azadvertizer.net/azpolicyadvertizer/Deploy-Diagnostics-HDInsight.html"
"Policy";"n/a";"n/a";"n/a";"n/a";"n/a";"Deploy-Diagnostics-iotHub";"1.1.0-deprecated";"";"False";"ALZ GitHub repository";"https://www.azadvertizer.net/azpolicyadvertizer/Deploy-Diagnostics-iotHub.html"
"Policy";"n/a";"n/a";"n/a";"n/a";"n/a";"Deploy-Diagnostics-LoadBalancer";"1.1.0-deprecated";"";"False";"ALZ GitHub repository";"https://www.azadvertizer.net/azpolicyadvertizer/Deploy-Diagnostics-LoadBalancer.html"
"Policy";"n/a";"n/a";"n/a";"n/a";"n/a";"Deploy-Diagnostics-LogAnalytics";"1.1.0-deprecated";"";"False";"ALZ GitHub repository";"https://www.azadvertizer.net/azpolicyadvertizer/Deploy-Diagnostics-LogAnalytics.html"
"PolicySet";"n/a";"n/a";"n/a";"n/a";"n/a";"Deploy-Diagnostics-LogAnalytics";"2.2.0-deprecated";"";"False";"ALZ GitHub repository";"https://www.azadvertizer.net/azpolicyinitiativesadvertizer/Deploy-Diagnostics-LogAnalytics.html"
"Policy";"n/a";"n/a";"n/a";"n/a";"n/a";"Deploy-Diagnostics-LogicAppsISE";"1.1.0-deprecated";"";"False";"ALZ GitHub repository";"https://www.azadvertizer.net/azpolicyadvertizer/Deploy-Diagnostics-LogicAppsISE.html"
"Policy";"n/a";"n/a";"n/a";"n/a";"n/a";"Deploy-Diagnostics-MariaDB";"1.1.0-deprecated";"";"False";"ALZ GitHub repository";"https://www.azadvertizer.net/azpolicyadvertizer/Deploy-Diagnostics-MariaDB.html"
"Policy";"n/a";"n/a";"n/a";"n/a";"n/a";"Deploy-Diagnostics-MediaService";"1.1.0-deprecated";"";"False";"ALZ GitHub repository";"https://www.azadvertizer.net/azpolicyadvertizer/Deploy-Diagnostics-MediaService.html"
"Policy";"n/a";"n/a";"n/a";"n/a";"n/a";"Deploy-Diagnostics-MlWorkspace";"1.2.0-deprecated";"";"False";"ALZ GitHub repository";"https://www.azadvertizer.net/azpolicyadvertizer/Deploy-Diagnostics-MlWorkspace.html"
"Policy";"n/a";"n/a";"n/a";"n/a";"n/a";"Deploy-Diagnostics-MySQL";"1.1.0-deprecated";"";"False";"ALZ GitHub repository";"https://www.azadvertizer.net/azpolicyadvertizer/Deploy-Diagnostics-MySQL.html"
"Policy";"n/a";"n/a";"n/a";"n/a";"n/a";"Deploy-Diagnostics-NetworkSecurityGroups";"1.1.0-deprecated";"";"False";"ALZ GitHub repository";"https://www.azadvertizer.net/azpolicyadvertizer/Deploy-Diagnostics-NetworkSecurityGroups.html"
"Policy";"n/a";"n/a";"n/a";"n/a";"n/a";"Deploy-Diagnostics-NIC";"1.1.0-deprecated";"";"False";"ALZ GitHub repository";"https://www.azadvertizer.net/azpolicyadvertizer/Deploy-Diagnostics-NIC.html"
"Policy";"n/a";"n/a";"n/a";"n/a";"n/a";"Deploy-Diagnostics-PostgreSQL";"2.0.0-deprecated";"";"False";"ALZ GitHub repository";"https://www.azadvertizer.net/azpolicyadvertizer/Deploy-Diagnostics-PostgreSQL.html"
"Policy";"n/a";"n/a";"n/a";"n/a";"n/a";"Deploy-Diagnostics-PowerBIEmbedded";"1.1.0-deprecated";"";"False";"ALZ GitHub repository";"https://www.azadvertizer.net/azpolicyadvertizer/Deploy-Diagnostics-PowerBIEmbedded.html"
"Policy";"n/a";"n/a";"n/a";"n/a";"n/a";"Deploy-Diagnostics-RedisCache";"1.1.0-deprecated";"";"False";"ALZ GitHub repository";"https://www.azadvertizer.net/azpolicyadvertizer/Deploy-Diagnostics-RedisCache.html"
"Policy";"n/a";"n/a";"n/a";"n/a";"n/a";"Deploy-Diagnostics-Relay";"1.1.0-deprecated";"";"False";"ALZ GitHub repository";"https://www.azadvertizer.net/azpolicyadvertizer/Deploy-Diagnostics-Relay.html"
"Policy";"n/a";"n/a";"n/a";"n/a";"n/a";"Deploy-Diagnostics-SignalR";"1.1.0-deprecated";"";"False";"ALZ GitHub repository";"https://www.azadvertizer.net/azpolicyadvertizer/Deploy-Diagnostics-SignalR.html"
"Policy";"n/a";"n/a";"n/a";"n/a";"n/a";"Deploy-Diagnostics-SQLElasticPools";"1.1.0-deprecated";"";"False";"ALZ GitHub repository";"https://www.azadvertizer.net/azpolicyadvertizer/Deploy-Diagnostics-SQLElasticPools.html"
"Policy";"n/a";"n/a";"n/a";"n/a";"n/a";"Deploy-Diagnostics-SQLMI";"1.1.0-deprecated";"";"False";"ALZ GitHub repository";"https://www.azadvertizer.net/azpolicyadvertizer/Deploy-Diagnostics-SQLMI.html"
"Policy";"n/a";"n/a";"n/a";"n/a";"n/a";"Deploy-Diagnostics-TimeSeriesInsights";"1.1.0-deprecated";"";"False";"ALZ GitHub repository";"https://www.azadvertizer.net/azpolicyadvertizer/Deploy-Diagnostics-TimeSeriesInsights.html"
"Policy";"n/a";"n/a";"n/a";"n/a";"n/a";"Deploy-Diagnostics-TrafficManager";"1.1.0-deprecated";"";"False";"ALZ GitHub repository";"https://www.azadvertizer.net/azpolicyadvertizer/Deploy-Diagnostics-TrafficManager.html"
"Policy";"n/a";"n/a";"n/a";"n/a";"n/a";"Deploy-Diagnostics-VirtualNetwork";"1.1.0-deprecated";"";"False";"ALZ GitHub repository";"https://www.azadvertizer.net/azpolicyadvertizer/Deploy-Diagnostics-VirtualNetwork.html"
"Policy";"n/a";"n/a";"n/a";"n/a";"n/a";"Deploy-Diagnostics-VM";"1.1.0-deprecated";"";"False";"ALZ GitHub repository";"https://www.azadvertizer.net/azpolicyadvertizer/Deploy-Diagnostics-VM.html"
"Policy";"n/a";"n/a";"n/a";"n/a";"n/a";"Deploy-Diagnostics-VMSS";"1.1.0-deprecated";"";"False";"ALZ GitHub repository";"https://www.azadvertizer.net/azpolicyadvertizer/Deploy-Diagnostics-VMSS.html"
"Policy";"n/a";"n/a";"n/a";"n/a";"n/a";"Deploy-Diagnostics-VNetGW";"1.1.1-deprecated";"";"False";"ALZ GitHub repository";"https://www.azadvertizer.net/azpolicyadvertizer/Deploy-Diagnostics-VNetGW.html"
"Policy";"n/a";"n/a";"n/a";"n/a";"n/a";"Deploy-Diagnostics-VWanS2SVPNGW";"1.0.0-deprecated";"";"False";"ALZ GitHub repository";"https://www.azadvertizer.net/azpolicyadvertizer/Deploy-Diagnostics-VWanS2SVPNGW.html"
"Policy";"n/a";"n/a";"n/a";"n/a";"n/a";"Deploy-Diagnostics-WebServerFarm";"1.1.0-deprecated";"";"False";"ALZ GitHub repository";"https://www.azadvertizer.net/azpolicyadvertizer/Deploy-Diagnostics-WebServerFarm.html"
"Policy";"n/a";"n/a";"n/a";"n/a";"n/a";"Deploy-Diagnostics-Website";"1.2.0-deprecated";"";"False";"ALZ GitHub repository";"https://www.azadvertizer.net/azpolicyadvertizer/Deploy-Diagnostics-Website.html"
"Policy";"n/a";"n/a";"n/a";"n/a";"n/a";"Deploy-Diagnostics-WVDAppGroup";"1.1.1-deprecated";"";"False";"ALZ GitHub repository";"https://www.azadvertizer.net/azpolicyadvertizer/Deploy-Diagnostics-WVDAppGroup.html"
"Policy";"n/a";"n/a";"n/a";"n/a";"n/a";"Deploy-Diagnostics-WVDHostPools";"1.3.0-deprecated";"";"False";"ALZ GitHub repository";"https://www.azadvertizer.net/azpolicyadvertizer/Deploy-Diagnostics-WVDHostPools.html"
"Policy";"n/a";"n/a";"n/a";"n/a";"n/a";"Deploy-Diagnostics-WVDWorkspace";"1.1.1-deprecated";"";"False";"ALZ GitHub repository";"https://www.azadvertizer.net/azpolicyadvertizer/Deploy-Diagnostics-WVDWorkspace.html"
"Policy";"n/a";"n/a";"n/a";"n/a";"n/a";"Deploy-FirewallPolicy";"1.0.0";"";"False";"ALZ GitHub repository";"https://www.azadvertizer.net/azpolicyadvertizer/Deploy-FirewallPolicy.html"
"Policy";"n/a";"n/a";"n/a";"n/a";"n/a";"Deploy-LogicApp-TLS";"1.0.0";"";"False";"ALZ GitHub repository";"https://www.azadvertizer.net/azpolicyadvertizer/Deploy-LogicApp-TLS.html"
"Policy";"n/a";"n/a";"n/a";"n/a";"n/a";"Deploy-MDFC-Arc-SQL-DCR-Association";"1.0.0-deprecated";"";"False";"ALZ GitHub repository";"https://www.azadvertizer.net/azpolicyadvertizer/Deploy-MDFC-Arc-SQL-DCR-Association.html"
"Policy";"n/a";"n/a";"n/a";"n/a";"n/a";"Deploy-MDFC-Arc-Sql-DefenderSQL-DCR";"1.0.0-deprecated";"";"False";"ALZ GitHub repository";"https://www.azadvertizer.net/azpolicyadvertizer/Deploy-MDFC-Arc-Sql-DefenderSQL-DCR.html"
"PolicySet";"n/a";"n/a";"n/a";"n/a";"n/a";"Deploy-MDFC-Config";"7.0.0-deprecated";"";"False";"ALZ GitHub repository";"https://www.azadvertizer.net/azpolicyinitiativesadvertizer/Deploy-MDFC-Config.html"
"PolicySet";"n/a";"n/a";"n/a";"n/a";"n/a";"Deploy-MDFC-Config_20240319";"1.0.0";"";"False";"ALZ GitHub repository";"https://www.azadvertizer.net/azpolicyinitiativesadvertizer/Deploy-MDFC-Config_20240319.html"
"PolicySet";"n/a";"n/a";"n/a";"n/a";"n/a";"Deploy-MDFC-DefenderSQL-AMA";"1.0.1-deprecated";"";"False";"ALZ GitHub repository";"https://www.azadvertizer.net/azpolicyinitiativesadvertizer/Deploy-MDFC-DefenderSQL-AMA.html"
"Policy";"n/a";"n/a";"n/a";"n/a";"n/a";"Deploy-MDFC-SQL-AMA";"1.0.0-deprecated";"";"False";"ALZ GitHub repository";"https://www.azadvertizer.net/azpolicyadvertizer/Deploy-MDFC-SQL-AMA.html"
"Policy";"n/a";"n/a";"n/a";"n/a";"n/a";"Deploy-MDFC-SQL-DefenderSQL";"1.0.0-deprecated";"";"False";"ALZ GitHub repository";"https://www.azadvertizer.net/azpolicyadvertizer/Deploy-MDFC-SQL-DefenderSQL.html"
"Policy";"n/a";"n/a";"n/a";"n/a";"n/a";"Deploy-MDFC-SQL-DefenderSQL-DCR";"1.0.1-deprecated";"";"False";"ALZ GitHub repository";"https://www.azadvertizer.net/azpolicyadvertizer/Deploy-MDFC-SQL-DefenderSQL-DCR.html"
"Policy";"n/a";"n/a";"n/a";"n/a";"n/a";"Deploy-MySQL-sslEnforcement";"1.1.0";"";"False";"ALZ GitHub repository";"https://www.azadvertizer.net/azpolicyadvertizer/Deploy-MySQL-sslEnforcement.html"
"Policy";"n/a";"n/a";"n/a";"n/a";"n/a";"Deploy-Nsg-FlowLogs";"1.0.0-deprecated";"";"False";"ALZ GitHub repository";"https://www.azadvertizer.net/azpolicyadvertizer/Deploy-Nsg-FlowLogs.html"
"Policy";"n/a";"n/a";"n/a";"n/a";"n/a";"Deploy-Nsg-FlowLogs-to-LA";"1.1.0-deprecated";"";"False";"ALZ GitHub repository";"https://www.azadvertizer.net/azpolicyadvertizer/Deploy-Nsg-FlowLogs-to-LA.html"
"Policy";"n/a";"n/a";"n/a";"n/a";"n/a";"Deploy-PostgreSQL-sslEnforcement";"1.1.0";"";"False";"ALZ GitHub repository";"https://www.azadvertizer.net/azpolicyadvertizer/Deploy-PostgreSQL-sslEnforcement.html"
"Policy";"n/a";"n/a";"n/a";"n/a";"n/a";"Deploy-Private-DNS-Generic";"1.0.0";"";"False";"ALZ GitHub repository";"https://www.azadvertizer.net/azpolicyadvertizer/Deploy-Private-DNS-Generic.html"
"PolicySet";"n/a";"n/a";"n/a";"n/a";"n/a";"Deploy-Private-DNS-Zones";"2.2.0";"";"False";"ALZ GitHub repository";"https://www.azadvertizer.net/azpolicyinitiativesadvertizer/Deploy-Private-DNS-Zones.html"
"Policy";"n/a";"n/a";"n/a";"n/a";"n/a";"Deploy-Sql-AuditingSettings";"1.0.0";"";"False";"ALZ GitHub repository";"https://www.azadvertizer.net/azpolicyadvertizer/Deploy-Sql-AuditingSettings.html"
"Policy";"n/a";"n/a";"n/a";"n/a";"n/a";"Deploy-SQL-minTLS";"1.1.0";"";"False";"ALZ GitHub repository";"https://www.azadvertizer.net/azpolicyadvertizer/Deploy-SQL-minTLS.html"
"PolicySet";"n/a";"n/a";"n/a";"n/a";"n/a";"Deploy-Sql-Security";"1.0.0-deprecated";"";"False";"ALZ GitHub repository";"https://www.azadvertizer.net/azpolicyinitiativesadvertizer/Deploy-Sql-Security.html"
"PolicySet";"n/a";"n/a";"n/a";"n/a";"n/a";"Deploy-Sql-Security_20240529";"1.0.0";"";"False";"ALZ GitHub repository";"https://www.azadvertizer.net/azpolicyinitiativesadvertizer/Deploy-Sql-Security_20240529.html"
"Policy";"n/a";"n/a";"n/a";"n/a";"n/a";"Deploy-Sql-SecurityAlertPolicies";"1.1.1";"";"False";"ALZ GitHub repository";"https://www.azadvertizer.net/azpolicyadvertizer/Deploy-Sql-SecurityAlertPolicies.html"
"Policy";"n/a";"n/a";"n/a";"n/a";"n/a";"Deploy-Sql-Tde";"1.1.1-deprecated";"";"False";"ALZ GitHub repository";"https://www.azadvertizer.net/azpolicyadvertizer/Deploy-Sql-Tde.html"
"Policy";"n/a";"n/a";"n/a";"n/a";"n/a";"Deploy-Sql-vulnerabilityAssessments";"1.0.1-deprecated";"";"False";"ALZ GitHub repository";"https://www.azadvertizer.net/azpolicyadvertizer/Deploy-Sql-vulnerabilityAssessments.html"
"Policy";"n/a";"n/a";"n/a";"n/a";"n/a";"Deploy-Sql-vulnerabilityAssessments_20230706";"1.0.0";"";"False";"ALZ GitHub repository";"https://www.azadvertizer.net/azpolicyadvertizer/Deploy-Sql-vulnerabilityAssessments_20230706.html"
"Policy";"n/a";"n/a";"n/a";"n/a";"n/a";"Deploy-SqlMi-minTLS";"1.2.0";"";"False";"ALZ GitHub repository";"https://www.azadvertizer.net/azpolicyadvertizer/Deploy-SqlMi-minTLS.html"
"Policy";"n/a";"n/a";"n/a";"n/a";"n/a";"Deploy-Storage-sslEnforcement";"1.2.0";"";"False";"ALZ GitHub repository";"https://www.azadvertizer.net/azpolicyadvertizer/Deploy-Storage-sslEnforcement.html"
"Policy";"n/a";"n/a";"n/a";"n/a";"n/a";"Deploy-UserAssignedManagedIdentity-VMInsights";"1.0.0-deprecated";"";"False";"ALZ GitHub repository";"https://www.azadvertizer.net/azpolicyadvertizer/Deploy-UserAssignedManagedIdentity-VMInsights.html"
"Policy";"n/a";"n/a";"n/a";"n/a";"n/a";"Deploy-Vm-autoShutdown";"1.0.0";"";"False";"ALZ GitHub repository";"https://www.azadvertizer.net/azpolicyadvertizer/Deploy-Vm-autoShutdown.html"
"Policy";"n/a";"n/a";"n/a";"n/a";"n/a";"Deploy-VNET-HubSpoke";"1.1.0";"";"False";"ALZ GitHub repository";"https://www.azadvertizer.net/azpolicyadvertizer/Deploy-VNET-HubSpoke.html"
"Policy";"n/a";"n/a";"n/a";"n/a";"n/a";"Deploy-Windows-DomainJoin";"1.0.0";"";"False";"ALZ GitHub repository";"https://www.azadvertizer.net/azpolicyadvertizer/Deploy-Windows-DomainJoin.html"
"PolicySet";"n/a";"n/a";"n/a";"n/a";"n/a";"Enforce-ACSB";"1.0.0";"";"False";"ALZ GitHub repository";"https://www.azadvertizer.net/azpolicyinitiativesadvertizer/Enforce-ACSB.html"
"PolicySet";"n/a";"n/a";"n/a";"n/a";"n/a";"Enforce-ALZ-Decomm";"1.0.0";"";"False";"ALZ GitHub repository";"https://www.azadvertizer.net/azpolicyinitiativesadvertizer/Enforce-ALZ-Decomm.html"
"PolicySet";"n/a";"n/a";"n/a";"n/a";"n/a";"Enforce-ALZ-Sandbox";"1.0.0";"";"False";"ALZ GitHub repository";"https://www.azadvertizer.net/azpolicyinitiativesadvertizer/Enforce-ALZ-Sandbox.html"
"PolicySet";"n/a";"n/a";"n/a";"n/a";"n/a";"Enforce-Backup";"1.0.0";"";"False";"ALZ GitHub repository";"https://www.azadvertizer.net/azpolicyinitiativesadvertizer/Enforce-Backup.html"
"PolicySet";"n/a";"n/a";"n/a";"n/a";"n/a";"Enforce-Encryption-CMK";"3.0.0";"";"False";"ALZ GitHub repository";"https://www.azadvertizer.net/azpolicyinitiativesadvertizer/Enforce-Encryption-CMK.html"
"PolicySet";"n/a";"n/a";"n/a";"n/a";"n/a";"Enforce-EncryptTransit";"2.1.0-deprecated";"";"False";"ALZ GitHub repository";"https://www.azadvertizer.net/azpolicyinitiativesadvertizer/Enforce-EncryptTransit.html"
"PolicySet";"n/a";"n/a";"n/a";"n/a";"n/a";"Enforce-EncryptTransit_20240509";"1.0.0";"";"False";"ALZ GitHub repository";"https://www.azadvertizer.net/azpolicyinitiativesadvertizer/Enforce-EncryptTransit_20240509.html"
"PolicySet";"n/a";"n/a";"n/a";"n/a";"n/a";"Enforce-Guardrails-APIM";"1.0.0";"";"False";"ALZ GitHub repository";"https://www.azadvertizer.net/azpolicyinitiativesadvertizer/Enforce-Guardrails-APIM.html"
"PolicySet";"n/a";"n/a";"n/a";"n/a";"n/a";"Enforce-Guardrails-AppServices";"1.0.0";"";"False";"ALZ GitHub repository";"https://www.azadvertizer.net/azpolicyinitiativesadvertizer/Enforce-Guardrails-AppServices.html"
"PolicySet";"n/a";"n/a";"n/a";"n/a";"n/a";"Enforce-Guardrails-Automation";"1.0.0";"";"False";"ALZ GitHub repository";"https://www.azadvertizer.net/azpolicyinitiativesadvertizer/Enforce-Guardrails-Automation.html"
"PolicySet";"n/a";"n/a";"n/a";"n/a";"n/a";"Enforce-Guardrails-CognitiveServices";"1.0.0";"";"False";"ALZ GitHub repository";"https://www.azadvertizer.net/azpolicyinitiativesadvertizer/Enforce-Guardrails-CognitiveServices.html"
"PolicySet";"n/a";"n/a";"n/a";"n/a";"n/a";"Enforce-Guardrails-Compute";"1.0.0";"";"False";"ALZ GitHub repository";"https://www.azadvertizer.net/azpolicyinitiativesadvertizer/Enforce-Guardrails-Compute.html"
"PolicySet";"n/a";"n/a";"n/a";"n/a";"n/a";"Enforce-Guardrails-ContainerApps";"1.0.0";"";"False";"ALZ GitHub repository";"https://www.azadvertizer.net/azpolicyinitiativesadvertizer/Enforce-Guardrails-ContainerApps.html"
"PolicySet";"n/a";"n/a";"n/a";"n/a";"n/a";"Enforce-Guardrails-ContainerInstance";"1.0.0";"";"False";"ALZ GitHub repository";"https://www.azadvertizer.net/azpolicyinitiativesadvertizer/Enforce-Guardrails-ContainerInstance.html"
"PolicySet";"n/a";"n/a";"n/a";"n/a";"n/a";"Enforce-Guardrails-ContainerRegistry";"1.0.0";"";"False";"ALZ GitHub repository";"https://www.azadvertizer.net/azpolicyinitiativesadvertizer/Enforce-Guardrails-ContainerRegistry.html"
"PolicySet";"n/a";"n/a";"n/a";"n/a";"n/a";"Enforce-Guardrails-CosmosDb";"1.0.0";"";"False";"ALZ GitHub repository";"https://www.azadvertizer.net/azpolicyinitiativesadvertizer/Enforce-Guardrails-CosmosDb.html"
"PolicySet";"n/a";"n/a";"n/a";"n/a";"n/a";"Enforce-Guardrails-DataExplorer";"1.0.0";"";"False";"ALZ GitHub repository";"https://www.azadvertizer.net/azpolicyinitiativesadvertizer/Enforce-Guardrails-DataExplorer.html"
"PolicySet";"n/a";"n/a";"n/a";"n/a";"n/a";"Enforce-Guardrails-DataFactory";"1.0.0";"";"False";"ALZ GitHub repository";"https://www.azadvertizer.net/azpolicyinitiativesadvertizer/Enforce-Guardrails-DataFactory.html"
"PolicySet";"n/a";"n/a";"n/a";"n/a";"n/a";"Enforce-Guardrails-EventGrid";"1.0.0";"";"False";"ALZ GitHub repository";"https://www.azadvertizer.net/azpolicyinitiativesadvertizer/Enforce-Guardrails-EventGrid.html"
"PolicySet";"n/a";"n/a";"n/a";"n/a";"n/a";"Enforce-Guardrails-EventHub";"1.0.0";"";"False";"ALZ GitHub repository";"https://www.azadvertizer.net/azpolicyinitiativesadvertizer/Enforce-Guardrails-EventHub.html"
"PolicySet";"n/a";"n/a";"n/a";"n/a";"n/a";"Enforce-Guardrails-KeyVault";"2.1.0";"";"False";"ALZ GitHub repository";"https://www.azadvertizer.net/azpolicyinitiativesadvertizer/Enforce-Guardrails-KeyVault.html"
"PolicySet";"n/a";"n/a";"n/a";"n/a";"n/a";"Enforce-Guardrails-KeyVault-Sup";"1.0.0";"";"False";"ALZ GitHub repository";"https://www.azadvertizer.net/azpolicyinitiativesadvertizer/Enforce-Guardrails-KeyVault-Sup.html"
"PolicySet";"n/a";"n/a";"n/a";"n/a";"n/a";"Enforce-Guardrails-Kubernetes";"1.1.0";"";"False";"ALZ GitHub repository";"https://www.azadvertizer.net/azpolicyinitiativesadvertizer/Enforce-Guardrails-Kubernetes.html"
"PolicySet";"n/a";"n/a";"n/a";"n/a";"n/a";"Enforce-Guardrails-MachineLearning";"1.0.0";"";"False";"ALZ GitHub repository";"https://www.azadvertizer.net/azpolicyinitiativesadvertizer/Enforce-Guardrails-MachineLearning.html"
"PolicySet";"n/a";"n/a";"n/a";"n/a";"n/a";"Enforce-Guardrails-MySQL";"1.0.0";"";"False";"ALZ GitHub repository";"https://www.azadvertizer.net/azpolicyinitiativesadvertizer/Enforce-Guardrails-MySQL.html"
"PolicySet";"n/a";"n/a";"n/a";"n/a";"n/a";"Enforce-Guardrails-Network";"1.1.0";"";"False";"ALZ GitHub repository";"https://www.azadvertizer.net/azpolicyinitiativesadvertizer/Enforce-Guardrails-Network.html"
"PolicySet";"n/a";"n/a";"n/a";"n/a";"n/a";"Enforce-Guardrails-OpenAI";"1.0.0";"";"False";"ALZ GitHub repository";"https://www.azadvertizer.net/azpolicyinitiativesadvertizer/Enforce-Guardrails-OpenAI.html"
"PolicySet";"n/a";"n/a";"n/a";"n/a";"n/a";"Enforce-Guardrails-PostgreSQL";"1.0.0";"";"False";"ALZ GitHub repository";"https://www.azadvertizer.net/azpolicyinitiativesadvertizer/Enforce-Guardrails-PostgreSQL.html"
"PolicySet";"n/a";"n/a";"n/a";"n/a";"n/a";"Enforce-Guardrails-ServiceBus";"1.0.0";"";"False";"ALZ GitHub repository";"https://www.azadvertizer.net/azpolicyinitiativesadvertizer/Enforce-Guardrails-ServiceBus.html"
"PolicySet";"n/a";"n/a";"n/a";"n/a";"n/a";"Enforce-Guardrails-SQL";"1.0.0";"";"False";"ALZ GitHub repository";"https://www.azadvertizer.net/azpolicyinitiativesadvertizer/Enforce-Guardrails-SQL.html"
"PolicySet";"n/a";"n/a";"n/a";"n/a";"n/a";"Enforce-Guardrails-Storage";"1.0.0";"";"False";"ALZ GitHub repository";"https://www.azadvertizer.net/azpolicyinitiativesadvertizer/Enforce-Guardrails-Storage.html"
"PolicySet";"n/a";"n/a";"n/a";"n/a";"n/a";"Enforce-Guardrails-Synapse";"1.1.0";"";"False";"ALZ GitHub repository";"https://www.azadvertizer.net/azpolicyinitiativesadvertizer/Enforce-Guardrails-Synapse.html"
"PolicySet";"n/a";"n/a";"n/a";"n/a";"n/a";"Enforce-Guardrails-VirtualDesktop";"1.0.0";"";"False";"ALZ GitHub repository";"https://www.azadvertizer.net/azpolicyinitiativesadvertizer/Enforce-Guardrails-VirtualDesktop.html"
"Policy";"n/a";"n/a";"n/a";"n/a";"n/a";"Modify-NSG";"1.0.0";"";"False";"ALZ GitHub repository";"https://www.azadvertizer.net/azpolicyadvertizer/Modify-NSG.html"
"Policy";"n/a";"n/a";"n/a";"n/a";"n/a";"Modify-UDR";"1.0.0";"";"False";"ALZ GitHub repository";"https://www.azadvertizer.net/azpolicyadvertizer/Modify-UDR.html"
